{
  "core_intro": {
    "js": [
      "src/global/js/wrap_start.js",
      "src/global/js/polyfill.js"
    ],
    "less": [
      "src/mixin/less/color.less",
      "src/mixin/less/shadow.less",
      "src/mixin/less/helper.less",
      "src/mixin/less/icon.less",
      "src/mixin/less/media.less",
      "src/mixin/less/typo.less",
      "src/mixin/less/divider.less",

      "src/variable/less/global.less",
      "src/variable/less/color/black.less",
      "src/variable/less/color/white.less",
      "src/variable/less/color/transparent.less",
      "src/variable/less/color/red.less",
      "src/variable/less/color/pink.less",
      "src/variable/less/color/purple.less",
      "src/variable/less/color/deep-purple.less",
      "src/variable/less/color/indigo.less",
      "src/variable/less/color/blue.less",
      "src/variable/less/color/light-blue.less",
      "src/variable/less/color/cyan.less",
      "src/variable/less/color/teal.less",
      "src/variable/less/color/green.less",
      "src/variable/less/color/light-green.less",
      "src/variable/less/color/lime.less",
      "src/variable/less/color/yellow.less",
      "src/variable/less/color/amber.less",
      "src/variable/less/color/orange.less",
      "src/variable/less/color/deep-orange.less",
      "src/variable/less/color/brown.less",
      "src/variable/less/color/grey.less",
      "src/variable/less/color/blue-grey.less",
      "src/variable/less/color/default.less",
      "src/variable/less/animation.less",
      "src/variable/less/shadow.less",

      "src/color/less/color.less",
      "src/helper/less/helper.less",
      "src/global/less/normalize.less",
      "src/global/less/base.less",
      "src/icon/less/icon.less"
    ],
    "dependencies": []
  },
  "jq": {
    "js": [
      "src/jq/js/jq.js"
    ],
    "less": [],
    "dependencies": []
  },
  "global": {
    "js": [
      "src/global/js/global.js",
      "src/global/js/function.js",
      "src/global/js/jq_extend.js"
    ],
    "less": [],
    "dependencies": []
  },
  "material-icons": {
    "js": [],
    "less": [
      "src/icon/less/material-icons.less"
    ],
    "dependencies": []
  },
  "roboto": {
    "js": [],
    "less": [
      "src/font/less/roboto.less"
    ],
    "dependencies": []
  },
  "typo": {
    "js": [],
    "less": [
      "src/typo/less/typo.less"
    ],
    "dependencies": []
  },
  "mutation": {
    "js": [
      "src/mutation/js/mutation.js"
    ],
    "less": [],
    "dependencies": []
  },
  "headroom": {
    "js": [
      "src/headroom/js/headroom.js",
      "src/headroom/js/headroom.data.js"
    ],
    "less": [
      "src/headroom/less/headroom.less"
    ],
    "dependencies": []
  },
  "collapse": {
    "js": [
      "src/collapse/js/collapse.js",
      "src/collapse/js/collapse.data.js"
    ],
    "less": [
      "src/collapse/less/collapse.less"
    ],
    "dependencies": []
  },
  "table": {
    "js": [
      "src/table/js/table.js"
    ],
    "less": [
      "src/table/less/table.less"
    ],
    "dependencies": [
      "checkbox"
    ]
  },
  "divider": {
    "js": [],
    "less": [
      "src/divider/less/divider.less"
    ],
    "dependencies": []
  },
  "media": {
    "js": [],
    "less": [
      "src/media/less/media.less"
    ],
    "dependencies": []
  },
  "ripple": {
    "js": [
      "src/ripple/js/ripple.js"
    ],
    "less": [
      "src/ripple/less/ripple.less"
    ],
    "dependencies": []
  },
  "textfield": {
    "js": [
      "src/textfield/js/textfield.js"
    ],
    "less": [
      "src/textfield/less/textfield.less"
    ],
    "dependencies": []
  },
  "checkbox": {
    "js": [],
    "less": [
      "src/selection_control/less/checkbox.less"
    ],
    "dependencies": []
  },
  "radio": {
    "js": [],
    "less": [
      "src/selection_control/less/radio.less"
    ],
    "dependencies": []
  },
  "switch": {
    "js": [],
    "less": [
      "src/selection_control/less/switch.less"
    ],
    "dependencies": []
  },
  "slider": {
    "js": [
      "src/slider/js/slider.js"
    ],
    "less": [
      "src/slider/less/slider.less"
    ],
    "dependencies": []
  },
  "button": {
    "js": [],
    "less": [
      "src/button/less/button.less"
    ],
    "dependencies": []
  },
  "fab": {
    "js": [
      "src/fab/js/fab.js",
      "src/fab/js/fab.data.js"
    ],
    "less": [
      "src/fab/less/fab.less"
    ],
    "dependencies": [
      "button"
    ]
  },
  "select": {
    "js": [
      "src/select/js/select.js",
      "src/select/js/select.data.js"
    ],
    "less": [
      "src/select/less/select.less"
    ],
    "dependencies": []
  },
  "grid": {
    "js": [],
    "less": [
      "src/grid/less/grid.less"
    ],
    "dependencies": []
  },
  "toolbar": {
    "js": [],
    "less": [
      "src/toolbar/less/toolbar.less"
    ],
    "dependencies": []
  },
  "appbar": {
    "js": [
      "src/appbar/js/appbar.js"
    ],
    "less": [
      "src/appbar/less/appbar.less"
    ],
    "dependencies": [
      "toolbar", "headroom"
    ]
  },
  "card": {
    "js": [],
    "less": [
      "src/card/less/card.less"
    ],
    "dependencies": []
  },
  "tab": {
    "js": [
      "src/tab/js/tab.js",
      "src/tab/js/tab.data.js"
    ],
    "less": [
      "src/tab/less/tab.less"
    ],
    "dependencies": []
  },
  "subheader": {
    "js": [],
    "less": [
      "src/subheader/less/subheader.less"
    ],
    "dependencies": []
  },
  "grid_list": {
    "js": [],
    "less": [
      "src/grid_list/less/grid_list.less"
    ],
    "dependencies": []
  },
  "list": {
    "less": [
      "src/list/less/list.less"
    ],
    "dependencies": []
  },
  "drawer": {
    "js": [
      "src/drawer/js/drawer.js",
      "src/drawer/js/drawer.data.js"
    ],
    "less": [
      "src/drawer/less/drawer.less"
    ],
    "dependencies": []
  },
  "dialog": {
    "js": [
      "src/dialog/js/dialog.js",
      "src/dialog/js/dialog.data.js",
      "src/dialog/js/dialog.dialog.js",
      "src/dialog/js/dialog.alert.js",
      "src/dialog/js/dialog.confirm.js",
      "src/dialog/js/dialog.prompt.js"
    ],
    "less": [
      "src/dialog/less/dialog.less",
      "src/dialog/less/alert.less",
      "src/dialog/less/confirm.less",
      "src/dialog/less/prompt.less"
    ],
    "dependencies": [
      "button"
    ]
  },
  "shadow": {
    "js": [],
    "less": [
      "src/shadow/less/shadow.less"
    ],
    "dependencies": []
  },
  "tooltip": {
    "js": [
      "src/tooltip/js/tooltip.js",
      "src/tooltip/js/tooltip.data.js"
    ],
    "less": [
      "src/tooltip/less/tooltip.less"
    ],
    "dependencies": []
  },
  "snackbar": {
    "js": [
      "src/snackbar/js/snackbar.js"
    ],
    "less": [
      "src/snackbar/less/snackbar.less"
    ],
    "dependencies": [
      "button"
    ]
  },
  "chip": {
    "js": [],
    "less": [
      "src/chip/less/chip.less"
    ],
    "dependencies": []
  },
  "bottom_nav": {
    "js": [
      "src/bottom_nav/js/bottom_nav.js"
    ],
    "less": [
      "src/bottom_nav/less/bottom_nav.less"
    ],
    "dependencies": [
      "headroom"
    ]
  },
  "progress": {
    "js": [
      "src/progress/js/spinner.js"
    ],
    "less": [
      "src/progress/less/progress.less",
      "src/progress/less/spinner.less"
    ],
    "dependencies": []
  },
  "panel": {
    "js": [
      "src/panel/js/panel.js",
      "src/panel/js/panel.data.js"
    ],
    "less": [
      "src/panel/less/panel.less"
    ],
    "dependencies": [
      "collapse"
    ]
  },
  "menu": {
    "js": [
      "src/menu/js/menu.js",
      "src/menu/js/menu.data.js"
    ],
    "less": [
      "src/menu/less/menu.less"
    ],
    "dependencies": []
  },
  "core_outro": {
    "js": [
      "src/global/js/wrap_end.js"
    ],
    "less": [],
    "dependencies": []
  }
}
